"","model","AIC"
"1","quadratic",-637.973014176673
"2","exponential",-634.894798968041
"3","linear",-634.701456662327
"4","bellshaped",-630.498755825216
"5","constant",-625.193761346245
