"","model","AIC"
"1","bellshaped",-966.774350296376
"2","quadratic",-964.92457925586
"3","linear",-963.21859612572
"4","exponential",-962.937923539551
"5","constant",-947.058776620816
