"model","AIC"
"bellshaped",20.7677097032031
"quadratic",21.5076467181085
"linear",21.5607441568529
"exponential",21.9192864872815
"constant",21.9740081557919
