"Id","wt","name","N","X15N","d15N"
"1A",6,"E1",113.8,0.99532,1734.5
"2A",5.9,"E2",122,0.98869,1716.1
