"","model","AIC"
"1","constant",-787.642914275205
"2","exponential",-786.974175461644
"3","linear",-786.928998320836
"4","bellshaped",-786.899134246673
"5","quadratic",-785.066102132148
