"","model","AIC"
"1","bellshaped",20.7677097032021
"2","quadratic",21.5076467181085
"3","linear",21.560744156764
"4","exponential",21.9192864872782
"5","constant",21.974008155792
